content,Review,source,title,date,url
"Beans grow well in Sri Lanka during cooler and drier periods. They can be planted in many areas from October to February. Beans prefer well-drained soil, regular watering, and several hours of sunlight each day. Avoid waterlogged soil because excessive moisture can cause root problems.","Beans are suitable for home gardens and can be grown using support structures because many varieties are climbing plants.","Sri Lanka Home Gardening Guide","Growing Beans in Sri Lanka","2026-09-26","local://vegetable-guide/beans"
"Carrots grow best in cooler areas of Sri Lanka, especially in the central highlands such as Nuwara Eliya. They prefer loose, well-drained soil so the roots can develop properly. Carrots generally perform better during cooler months than during very hot weather.","Carrots can be difficult to grow in heavy or compacted soil because the roots may become short or deformed.","Sri Lanka Home Gardening Guide","Growing Carrots in Sri Lanka","2026-09-26","local://vegetable-guide/carrots"
"Tomatoes can be grown in many parts of Sri Lanka when there is sufficient sunlight and the plants are protected from excessive rainfall. A common approach is to plant during periods when heavy continuous rain is less likely. Tomatoes need good drainage, sunlight, and consistent watering.","Tomatoes are sensitive to excessive moisture and fungal diseases, so good airflow and drainage are important.","Sri Lanka Home Gardening Guide","Growing Tomatoes in Sri Lanka","2026-09-26","local://vegetable-guide/tomatoes"
"Brinjal, also called eggplant, is a warm-season vegetable that can grow well in many parts of Sri Lanka. It requires warm temperatures, sunlight, fertile soil, and regular watering. Good drainage is important because continuously wet soil can damage the roots.","Brinjal is generally suitable for warm areas and can produce for an extended period when plants are maintained properly.","Sri Lanka Home Gardening Guide","Growing Brinjal in Sri Lanka","2026-09-26","local://vegetable-guide/brinjal"
"Okra grows well in warm conditions and is suitable for many regions of Sri Lanka. It needs plenty of sunlight and reasonably fertile, well-drained soil. Seeds can be planted when the weather is warm and the soil has enough moisture for germination.","Okra is a useful vegetable for warm-climate home gardens and should be harvested regularly while the pods are young and tender.","Sri Lanka Home Gardening Guide","Growing Okra in Sri Lanka","2026-09-26","local://vegetable-guide/okra"
"Gotukola can be grown in many parts of Sri Lanka because it prefers warm and humid conditions. It grows well when supplied with sufficient moisture and partial shade or moderate sunlight. The soil should remain moist but should not stay permanently waterlogged.","Gotukola can be harvested repeatedly by taking mature leaves and stems while allowing the plant to continue growing.","Sri Lanka Home Gardening Guide","Growing Gotukola in Sri Lanka","2026-09-26","local://vegetable-guide/gotukola"
"Green chilli can be cultivated in warm areas of Sri Lanka. Chilli plants require sunlight, good drainage, and regular watering. Planting should preferably be planned around periods when extremely heavy rain is less likely, because excessive moisture can encourage disease.","Chilli plants can continue producing peppers for a long period when they receive adequate nutrients and sunlight.","Sri Lanka Home Gardening Guide","Growing Green Chilli in Sri Lanka","2026-09-26","local://vegetable-guide/chilli"
"Cabbage is better suited to cooler parts of Sri Lanka, particularly the central highlands. It generally performs better under cooler temperatures than under very hot lowland conditions. The soil should be fertile, well drained, and supplied with adequate moisture.","Cabbage is commonly associated with cooler agricultural areas such as Nuwara Eliya because of the more suitable climate.","Sri Lanka Home Gardening Guide","Growing Cabbage in Sri Lanka","2026-09-26","local://vegetable-guide/cabbage"
"Radish grows relatively quickly and can be suitable for home gardens. It performs well in cooler conditions and prefers loose soil that allows the root to expand. Regular moisture is important, but excessive standing water should be avoided.","Radish is useful when a gardener wants a vegetable with a relatively short growing period.","Sri Lanka Home Gardening Guide","Growing Radish in Sri Lanka","2026-09-26","local://vegetable-guide/radish"
"Pumpkin is a warm-climate crop that can grow in many parts of Sri Lanka. It needs plenty of space because the vines can spread across the ground. Pumpkin plants require sunlight, adequate moisture, and fertile soil with good drainage.","Pumpkin is useful for larger home gardens because a single plant can spread over a considerable area.","Sri Lanka Home Gardening Guide","Growing Pumpkin in Sri Lanka","2026-09-26","local://vegetable-guide/pumpkin"
"During the Maha cultivation season, which generally corresponds with the northeast monsoon period from around October to March, many parts of Sri Lanka receive substantial rainfall. Vegetables that tolerate wetter conditions can be considered, but drainage is important to prevent waterlogging.","The exact planting period varies by location, elevation, rainfall pattern, and local conditions.","Sri Lanka Home Gardening Guide","Vegetable Growing During Maha Season","2026-09-26","local://vegetable-guide/maha-season"
"During the Yala cultivation season, which generally corresponds with the period from around May to August, rainfall patterns vary across Sri Lanka. Irrigation becomes particularly important in drier regions. Gardeners should choose crops according to local rainfall, temperature, and available water.","The Yala season does not have identical weather conditions across the entire country, so crop selection should consider the specific region.","Sri Lanka Home Gardening Guide","Vegetable Growing During Yala Season","2026-09-26","local://vegetable-guide/yala-season"
"Vegetable selection in Sri Lanka should consider altitude and climate as well as the season. Cooler highland areas such as Nuwara Eliya are suitable for crops such as carrot and cabbage, while warmer lowland areas can support crops such as okra, brinjal, chilli, and pumpkin.","A crop that performs well in the central highlands may not perform equally well in a hot lowland area.","Sri Lanka Home Gardening Guide","Choosing Vegetables by Region in Sri Lanka","2026-09-26","local://vegetable-guide/regional-selection"